,f1-score,precision,recall,support,kappa
FEET,0.851,0.833,0.87,69.0,0.8576566536649612
LEFT_HAND,0.931,0.918,0.944,71.0,0.8576566536649612
RIGHT_HAND,0.935,0.942,0.929,70.0,0.8576566536649612
TONGUE,0.855,0.881,0.831,71.0,0.8576566536649612
avg/total,0.893,0.894,0.894,281.0,0.858
