,f1-score,precision,recall,support,kappa
FEET,0.791,0.815,0.768,69.0,0.7816775326824984
LEFT_HAND,0.867,0.823,0.915,71.0,0.7816775326824984
RIGHT_HAND,0.882,0.909,0.857,70.0,0.7816775326824984
TONGUE,0.803,0.803,0.803,71.0,0.7816775326824984
avg/total,0.836,0.837,0.836,281.0,0.782
