,f1-score,precision,recall,support,kappa
FEET,0.867,0.802,0.942,69.0,0.8624269845021441
LEFT_HAND,0.94,0.897,0.986,71.0,0.8624269845021441
RIGHT_HAND,0.924,0.984,0.871,70.0,0.8624269845021441
TONGUE,0.855,0.933,0.789,71.0,0.8624269845021441
avg/total,0.896,0.904,0.897,281.0,0.862
