,f1-score,precision,recall,support,kappa
FEET,0.867,0.838,0.899,69.0,0.8718931514250979
LEFT_HAND,0.945,0.92,0.972,71.0,0.8718931514250979
RIGHT_HAND,0.956,0.985,0.929,70.0,0.8718931514250979
TONGUE,0.847,0.879,0.817,71.0,0.8718931514250979
avg/total,0.904,0.906,0.904,281.0,0.872
