,f1-score,precision,recall,support,kappa
FEET,0.843,0.831,0.855,69.0,0.8528944879762227
LEFT_HAND,0.939,0.908,0.972,71.0,0.8528944879762227
RIGHT_HAND,0.94,0.984,0.9,70.0,0.8528944879762227
TONGUE,0.837,0.843,0.831,71.0,0.8528944879762227
avg/total,0.89,0.892,0.89,281.0,0.853
