,f1-score,precision,recall,support,kappa
FEET,0.765,0.667,0.899,69.0,0.40193027706131956
LEFT_HAND,0.412,0.431,0.394,71.0,0.40193027706131956
RIGHT_HAND,0.33,0.474,0.254,71.0,0.40193027706131956
TONGUE,0.604,0.552,0.667,72.0,0.40193027706131956
avg/total,0.528,0.531,0.554,283.0,0.402
