,f1-score,precision,recall,support,kappa
FEET,0.753,0.615,0.971,69.0,0.40705389360959143
LEFT_HAND,0.309,0.436,0.239,71.0,0.40705389360959143
RIGHT_HAND,0.45,0.5,0.408,71.0,0.40705389360959143
TONGUE,0.591,0.571,0.611,72.0,0.40705389360959143
avg/total,0.526,0.53,0.557,283.0,0.407
