,f1-score,precision,recall,support,kappa
FEET,0.714,0.569,0.957,69.0,0.37465317582947044
LEFT_HAND,0.433,0.395,0.479,71.0,0.37465317582947044
RIGHT_HAND,0.389,0.524,0.31,71.0,0.37465317582947044
TONGUE,0.505,0.718,0.389,72.0,0.37465317582947044
avg/total,0.51,0.552,0.534,283.0,0.375
