,f1-score,precision,recall,support,kappa
FEET,0.67,0.525,0.928,69.0,0.36012236279904897
LEFT_HAND,0.22,0.5,0.141,71.0,0.36012236279904897
RIGHT_HAND,0.397,0.48,0.338,71.0,0.36012236279904897
TONGUE,0.601,0.538,0.681,72.0,0.36012236279904897
avg/total,0.472,0.511,0.522,283.0,0.36
