,f1-score,precision,recall,support,kappa
FEET,0.699,0.606,0.826,69.0,0.33654229848363937
LEFT_HAND,0.423,0.339,0.563,71.0,0.33654229848363937
RIGHT_HAND,0.373,0.613,0.268,71.0,0.33654229848363937
TONGUE,0.464,0.65,0.361,72.0,0.33654229848363937
avg/total,0.49,0.552,0.504,283.0,0.337
