,f1-score,precision,recall,support,kappa
FEET,0.842,0.862,0.824,68.0,0.7995845941735752
LEFT_HAND,0.846,0.929,0.776,67.0,0.7995845941735752
RIGHT_HAND,0.872,0.791,0.971,70.0,0.7995845941735752
TONGUE,0.836,0.848,0.824,68.0,0.7995845941735752
avg/total,0.849,0.857,0.849,273.0,0.8
