,f1-score,precision,recall,support,kappa
FEET,0.69,0.833,0.588,68.0,0.750711715099103
LEFT_HAND,0.864,0.931,0.806,67.0,0.750711715099103
RIGHT_HAND,0.885,0.802,0.986,70.0,0.750711715099103
TONGUE,0.792,0.728,0.868,68.0,0.750711715099103
avg/total,0.808,0.823,0.812,273.0,0.751
