,f1-score,precision,recall,support,kappa
FEET,0.742,0.821,0.676,68.0,0.7751557688175894
LEFT_HAND,0.875,0.918,0.836,67.0,0.7751557688175894
RIGHT_HAND,0.892,0.805,1.0,70.0,0.7751557688175894
TONGUE,0.803,0.797,0.809,68.0,0.7751557688175894
avg/total,0.828,0.835,0.83,273.0,0.775
