,f1-score,precision,recall,support,kappa
FEET,0.726,0.911,0.603,68.0,0.7751758955905258
LEFT_HAND,0.866,0.917,0.821,67.0,0.7751758955905258
RIGHT_HAND,0.896,0.821,0.986,70.0,0.7751758955905258
TONGUE,0.816,0.738,0.912,68.0,0.7751758955905258
avg/total,0.826,0.847,0.83,273.0,0.775
