,f1-score,precision,recall,support,kappa
FEET,0.685,0.755,0.627,59.0,0.480438344940598
LEFT_HAND,0.442,0.704,0.322,59.0,0.480438344940598
RIGHT_HAND,0.623,0.495,0.842,57.0,0.480438344940598
TONGUE,0.648,0.636,0.66,53.0,0.480438344940598
avg/total,0.6,0.648,0.613,228.0,0.48
