,f1-score,precision,recall,support,kappa
FEET,0.692,0.8,0.61,59.0,0.5909999487468607
LEFT_HAND,0.718,0.724,0.712,59.0,0.5909999487468607
RIGHT_HAND,0.689,0.646,0.737,57.0,0.5909999487468607
TONGUE,0.673,0.633,0.717,53.0,0.5909999487468607
avg/total,0.693,0.701,0.694,228.0,0.591
