,f1-score,precision,recall,support,kappa
FEET,0.642,0.7,0.593,59.0,0.4751112702716529
LEFT_HAND,0.395,0.882,0.254,59.0,0.4751112702716529
RIGHT_HAND,0.646,0.505,0.895,57.0,0.4751112702716529
TONGUE,0.655,0.617,0.698,53.0,0.4751112702716529
avg/total,0.584,0.676,0.61,228.0,0.475
