,f1-score,precision,recall,support,kappa
FEET,0.706,0.837,0.61,59.0,0.5394292727830623
LEFT_HAND,0.465,0.741,0.339,59.0,0.5394292727830623
RIGHT_HAND,0.68,0.548,0.895,57.0,0.5394292727830623
TONGUE,0.712,0.646,0.792,53.0,0.5394292727830623
avg/total,0.641,0.693,0.659,228.0,0.539
