,f1-score,precision,recall,support,kappa
FEET,0.286,0.538,0.194,72.0,0.3827768750982756
LEFT_HAND,0.539,0.689,0.443,70.0,0.3827768750982756
RIGHT_HAND,0.672,0.719,0.631,65.0,0.3827768750982756
TONGUE,0.571,0.419,0.899,69.0,0.3827768750982756
avg/total,0.517,0.591,0.542,276.0,0.383
