,f1-score,precision,recall,support,kappa
FEET,0.28,0.619,0.181,72.0,0.4751203852327448
LEFT_HAND,0.629,0.616,0.643,70.0,0.4751203852327448
RIGHT_HAND,0.717,0.65,0.8,65.0,0.4751203852327448
TONGUE,0.667,0.559,0.826,69.0,0.4751203852327448
avg/total,0.573,0.611,0.612,276.0,0.475
