,f1-score,precision,recall,support,kappa
FEET,0.25,0.688,0.153,72.0,0.480225988700565
LEFT_HAND,0.685,0.565,0.871,70.0,0.480225988700565
RIGHT_HAND,0.734,0.624,0.892,65.0,0.480225988700565
TONGUE,0.594,0.644,0.551,69.0,0.480225988700565
avg/total,0.566,0.63,0.617,276.0,0.48
