,f1-score,precision,recall,support,kappa
FEET,0.33,0.486,0.25,72.0,0.4802531777998639
LEFT_HAND,0.6,0.72,0.514,70.0,0.4802531777998639
RIGHT_HAND,0.725,0.611,0.892,65.0,0.4802531777998639
TONGUE,0.687,0.596,0.812,69.0,0.4802531777998639
avg/total,0.585,0.603,0.617,276.0,0.48
