,f1-score,precision,recall,support,kappa
FEET,0.306,0.577,0.208,72.0,0.4519135297089205
LEFT_HAND,0.688,0.621,0.771,70.0,0.4519135297089205
RIGHT_HAND,0.663,0.527,0.892,65.0,0.4519135297089205
TONGUE,0.574,0.66,0.507,69.0,0.4519135297089205
avg/total,0.558,0.596,0.594,276.0,0.452
