,f1-score,precision,recall,support,kappa
FEET,0.64,0.696,0.593,54.0,0.43600461228019605
LEFT_HAND,0.52,0.457,0.604,53.0,0.43600461228019605
RIGHT_HAND,0.569,0.617,0.527,55.0,0.43600461228019605
TONGUE,0.59,0.596,0.585,53.0,0.43600461228019605
avg/total,0.58,0.592,0.577,215.0,0.436
