,f1-score,precision,recall,support,kappa
FEET,0.495,0.558,0.444,54.0,0.3365919773913546
LEFT_HAND,0.5,0.437,0.585,53.0,0.3365919773913546
RIGHT_HAND,0.491,0.491,0.491,55.0,0.3365919773913546
TONGUE,0.525,0.565,0.491,53.0,0.3365919773913546
avg/total,0.503,0.513,0.503,215.0,0.337
