,f1-score,precision,recall,support,kappa
FEET,0.571,0.636,0.519,54.0,0.36771998616076573
LEFT_HAND,0.519,0.436,0.642,53.0,0.36771998616076573
RIGHT_HAND,0.509,0.529,0.491,55.0,0.36771998616076573
TONGUE,0.505,0.571,0.453,53.0,0.36771998616076573
avg/total,0.526,0.543,0.526,215.0,0.368
