,f1-score,precision,recall,support,kappa
FEET,0.482,0.69,0.37,54.0,0.373431052889748
LEFT_HAND,0.547,0.619,0.491,53.0,0.373431052889748
RIGHT_HAND,0.504,0.444,0.582,55.0,0.373431052889748
TONGUE,0.576,0.5,0.679,53.0,0.373431052889748
avg/total,0.527,0.563,0.53,215.0,0.373
