,f1-score,precision,recall,support,kappa
FEET,0.568,0.659,0.5,54.0,0.3489170247743201
LEFT_HAND,0.509,0.509,0.509,53.0,0.3489170247743201
RIGHT_HAND,0.496,0.483,0.509,55.0,0.3489170247743201
TONGUE,0.483,0.444,0.528,53.0,0.3489170247743201
avg/total,0.514,0.524,0.511,215.0,0.349
