,f1-score,precision,recall,support,kappa
FEET,0.822,0.914,0.746,71.0,0.7838938973647711
LEFT_HAND,0.875,0.982,0.789,71.0,0.7838938973647711
RIGHT_HAND,0.902,0.938,0.87,69.0,0.7838938973647711
TONGUE,0.768,0.643,0.955,66.0,0.7838938973647711
avg/total,0.842,0.869,0.84,277.0,0.784
