,f1-score,precision,recall,support,kappa
FEET,0.831,0.915,0.761,71.0,0.793495032854245
LEFT_HAND,0.873,1.0,0.775,71.0,0.793495032854245
RIGHT_HAND,0.919,0.939,0.899,69.0,0.793495032854245
TONGUE,0.773,0.649,0.955,66.0,0.793495032854245
avg/total,0.849,0.876,0.848,277.0,0.793
