,f1-score,precision,recall,support,kappa
FEET,0.877,0.966,0.803,71.0,0.870210329029571
LEFT_HAND,0.949,0.985,0.915,71.0,0.870210329029571
RIGHT_HAND,0.948,0.97,0.928,69.0,0.870210329029571
TONGUE,0.842,0.744,0.97,66.0,0.870210329029571
avg/total,0.904,0.916,0.904,277.0,0.87
