,f1-score,precision,recall,support,kappa
FEET,0.93,0.93,0.93,71.0,0.9181683899556868
LEFT_HAND,0.95,0.971,0.93,71.0,0.9181683899556868
RIGHT_HAND,0.971,0.971,0.971,69.0,0.9181683899556868
TONGUE,0.904,0.884,0.924,66.0,0.9181683899556868
avg/total,0.939,0.939,0.939,277.0,0.918
