,f1-score,precision,recall,support,kappa
FEET,0.905,0.939,0.873,71.0,0.8797638683913535
LEFT_HAND,0.949,0.985,0.915,71.0,0.8797638683913535
RIGHT_HAND,0.947,0.984,0.913,69.0,0.8797638683913535
TONGUE,0.844,0.765,0.939,66.0,0.8797638683913535
avg/total,0.911,0.918,0.91,277.0,0.88
