,f1-score,precision,recall,support,kappa
FEET,0.792,0.76,0.826,69.0,0.749074074074074
LEFT_HAND,0.891,0.859,0.924,66.0,0.749074074074074
RIGHT_HAND,0.811,0.773,0.853,68.0,0.749074074074074
TONGUE,0.746,0.88,0.647,68.0,0.749074074074074
avg/total,0.81,0.818,0.812,271.0,0.749
