,f1-score,precision,recall,support,kappa
FEET,0.748,0.79,0.71,69.0,0.7195890137418992
LEFT_HAND,0.896,0.882,0.909,66.0,0.7195890137418992
RIGHT_HAND,0.753,0.674,0.853,68.0,0.7195890137418992
TONGUE,0.764,0.855,0.691,68.0,0.7195890137418992
avg/total,0.79,0.8,0.791,271.0,0.72
