,f1-score,precision,recall,support,kappa
FEET,0.806,0.773,0.841,69.0,0.7343137254901961
LEFT_HAND,0.861,0.831,0.894,66.0,0.7343137254901961
RIGHT_HAND,0.816,0.759,0.882,68.0,0.7343137254901961
TONGUE,0.702,0.87,0.588,68.0,0.7343137254901961
avg/total,0.796,0.808,0.801,271.0,0.734
