,f1-score,precision,recall,support,kappa
FEET,0.657,0.677,0.638,69.0,0.6010406304996556
LEFT_HAND,0.724,0.824,0.646,65.0,0.6010406304996556
RIGHT_HAND,0.601,0.551,0.662,65.0,0.6010406304996556
TONGUE,0.83,0.8,0.862,65.0,0.6010406304996556
avg/total,0.703,0.713,0.702,264.0,0.601
