,f1-score,precision,recall,support,kappa
FEET,0.691,0.602,0.812,69.0,0.6457326892109501
LEFT_HAND,0.882,0.845,0.923,65.0,0.6457326892109501
RIGHT_HAND,0.585,0.621,0.554,65.0,0.6457326892109501
TONGUE,0.785,1.0,0.646,65.0,0.6457326892109501
avg/total,0.736,0.767,0.734,264.0,0.646
