,f1-score,precision,recall,support,kappa
FEET,0.671,0.614,0.739,69.0,0.6106045513753735
LEFT_HAND,0.831,0.925,0.754,65.0,0.6106045513753735
RIGHT_HAND,0.621,0.612,0.631,65.0,0.6106045513753735
TONGUE,0.73,0.754,0.708,65.0,0.6106045513753735
avg/total,0.713,0.726,0.708,264.0,0.611
