,f1-score,precision,recall,support,kappa
FEET,0.631,0.5,0.855,69.0,0.5740626920712968
LEFT_HAND,0.872,0.853,0.892,65.0,0.5740626920712968
RIGHT_HAND,0.519,0.692,0.415,65.0,0.5740626920712968
TONGUE,0.692,0.923,0.554,65.0,0.5740626920712968
avg/total,0.679,0.742,0.679,264.0,0.574
