,f1-score,precision,recall,support,kappa
FEET,0.171,0.7,0.097,72.0,0.5335807244028641
LEFT_HAND,0.717,0.693,0.743,70.0,0.5335807244028641
RIGHT_HAND,0.797,0.677,0.969,65.0,0.5335807244028641
TONGUE,0.683,0.582,0.826,69.0,0.5335807244028641
avg/total,0.592,0.663,0.659,276.0,0.534
