,f1-score,precision,recall,support,kappa
FEET,0.859,0.965,0.775,71.0,0.8318883301543263
LEFT_HAND,0.891,1.0,0.803,71.0,0.8318883301543263
RIGHT_HAND,0.957,0.957,0.957,69.0,0.8318883301543263
TONGUE,0.8,0.681,0.97,66.0,0.8318883301543263
avg/total,0.877,0.901,0.876,277.0,0.832
