,f1-score,precision,recall,support,kappa
FEET,0.785,0.803,0.768,69.0,0.7246075598587385
LEFT_HAND,0.835,0.717,1.0,71.0,0.7246075598587385
RIGHT_HAND,0.716,1.0,0.557,70.0,0.7246075598587385
TONGUE,0.811,0.779,0.845,71.0,0.7246075598587385
avg/total,0.787,0.825,0.792,281.0,0.725
