,f1-score,precision,recall,support,kappa
FEET,0.851,0.833,0.87,69.0,0.8339075218698281
LEFT_HAND,0.907,0.861,0.958,71.0,0.8339075218698281
RIGHT_HAND,0.892,0.967,0.829,70.0,0.8339075218698281
TONGUE,0.851,0.857,0.845,71.0,0.8339075218698281
avg/total,0.875,0.88,0.876,281.0,0.834
