,f1-score,precision,recall,support,kappa
FEET,0.857,0.845,0.87,69.0,0.8339019117746402
LEFT_HAND,0.896,0.831,0.972,71.0,0.8339019117746402
RIGHT_HAND,0.892,0.967,0.829,70.0,0.8339019117746402
TONGUE,0.855,0.881,0.831,71.0,0.8339019117746402
avg/total,0.875,0.881,0.876,281.0,0.834
