,f1-score,precision,recall,support,kappa
FEET,0.694,0.584,0.855,69.0,0.32230223005670766
LEFT_HAND,0.4,0.369,0.437,71.0,0.32230223005670766
RIGHT_HAND,0.308,0.485,0.225,71.0,0.32230223005670766
TONGUE,0.482,0.508,0.458,72.0,0.32230223005670766
avg/total,0.471,0.486,0.494,283.0,0.322
