,f1-score,precision,recall,support,kappa
FEET,0.727,0.625,0.87,69.0,0.4115641166392201
LEFT_HAND,0.406,0.456,0.366,71.0,0.4115641166392201
RIGHT_HAND,0.462,0.508,0.423,71.0,0.4115641166392201
TONGUE,0.587,0.592,0.583,72.0,0.4115641166392201
avg/total,0.546,0.545,0.56,283.0,0.412
