,f1-score,precision,recall,support,kappa
FEET,0.747,0.663,0.855,69.0,0.38808775343878377
LEFT_HAND,0.451,0.398,0.521,71.0,0.38808775343878377
RIGHT_HAND,0.43,0.52,0.366,71.0,0.38808775343878377
TONGUE,0.504,0.608,0.431,72.0,0.38808775343878377
avg/total,0.533,0.547,0.543,283.0,0.388
