,f1-score,precision,recall,support,kappa
FEET,0.752,0.825,0.691,68.0,0.7800397486168555
LEFT_HAND,0.86,0.963,0.776,67.0,0.7800397486168555
RIGHT_HAND,0.896,0.821,0.986,70.0,0.7800397486168555
TONGUE,0.822,0.769,0.882,68.0,0.7800397486168555
avg/total,0.832,0.844,0.834,273.0,0.78
