,f1-score,precision,recall,support,kappa
FEET,0.772,0.831,0.721,68.0,0.8094360222655761
LEFT_HAND,0.898,0.95,0.851,67.0,0.8094360222655761
RIGHT_HAND,0.925,0.883,0.971,70.0,0.8094360222655761
TONGUE,0.828,0.779,0.882,68.0,0.8094360222655761
avg/total,0.856,0.861,0.856,273.0,0.809
