,f1-score,precision,recall,support,kappa
FEET,0.648,0.875,0.515,68.0,0.7359909740503949
LEFT_HAND,0.866,0.917,0.821,67.0,0.7359909740503949
RIGHT_HAND,0.859,0.753,1.0,70.0,0.7359909740503949
TONGUE,0.797,0.738,0.868,68.0,0.7359909740503949
avg/total,0.793,0.821,0.801,273.0,0.736
