,f1-score,precision,recall,support,kappa
FEET,0.68,0.829,0.576,59.0,0.49060092449922954
LEFT_HAND,0.675,0.523,0.949,59.0,0.49060092449922954
RIGHT_HAND,0.373,0.778,0.246,57.0,0.49060092449922954
TONGUE,0.643,0.597,0.698,53.0,0.49060092449922954
avg/total,0.593,0.682,0.617,228.0,0.491
