,f1-score,precision,recall,support,kappa
FEET,0.702,0.727,0.678,59.0,0.5382485643970467
LEFT_HAND,0.585,0.66,0.525,59.0,0.5382485643970467
RIGHT_HAND,0.646,0.586,0.719,57.0,0.5382485643970467
TONGUE,0.679,0.661,0.698,53.0,0.5382485643970467
avg/total,0.653,0.658,0.655,228.0,0.538
