,f1-score,precision,recall,support,kappa
FEET,0.685,0.731,0.644,59.0,0.5148687448728466
LEFT_HAND,0.515,0.619,0.441,59.0,0.5148687448728466
RIGHT_HAND,0.647,0.549,0.789,57.0,0.5148687448728466
TONGUE,0.686,0.692,0.679,53.0,0.5148687448728466
avg/total,0.633,0.648,0.638,228.0,0.515
