,f1-score,precision,recall,support,kappa
FEET,0.19,0.667,0.111,72.0,0.4084168336673347
LEFT_HAND,0.61,0.606,0.614,70.0,0.4084168336673347
RIGHT_HAND,0.697,0.6,0.831,65.0,0.4084168336673347
TONGUE,0.558,0.466,0.696,69.0,0.4084168336673347
avg/total,0.514,0.585,0.563,276.0,0.408
