,f1-score,precision,recall,support,kappa
FEET,0.295,0.812,0.181,72.0,0.4604764813683567
LEFT_HAND,0.639,0.61,0.671,70.0,0.4604764813683567
RIGHT_HAND,0.686,0.653,0.723,65.0,0.4604764813683567
TONGUE,0.633,0.514,0.826,69.0,0.4604764813683567
avg/total,0.563,0.647,0.6,276.0,0.46
