,f1-score,precision,recall,support,kappa
FEET,0.289,0.722,0.181,72.0,0.4941260669960026
LEFT_HAND,0.685,0.646,0.729,70.0,0.4941260669960026
RIGHT_HAND,0.73,0.694,0.769,65.0,0.4941260669960026
TONGUE,0.648,0.533,0.826,69.0,0.4941260669960026
avg/total,0.588,0.649,0.626,276.0,0.494
