,f1-score,precision,recall,support,kappa
FEET,0.566,0.622,0.519,54.0,0.4174953163280012
LEFT_HAND,0.59,0.477,0.774,53.0,0.4174953163280012
RIGHT_HAND,0.5,0.556,0.455,55.0,0.4174953163280012
TONGUE,0.587,0.692,0.509,53.0,0.4174953163280012
avg/total,0.561,0.587,0.564,215.0,0.417
