,f1-score,precision,recall,support,kappa
FEET,0.609,0.574,0.648,54.0,0.46084224483325165
LEFT_HAND,0.609,0.565,0.66,53.0,0.46084224483325165
RIGHT_HAND,0.538,0.658,0.455,55.0,0.46084224483325165
TONGUE,0.617,0.611,0.623,53.0,0.46084224483325165
avg/total,0.593,0.602,0.596,215.0,0.461
