,f1-score,precision,recall,support,kappa
FEET,0.557,0.628,0.5,54.0,0.33058494536858185
LEFT_HAND,0.464,0.403,0.547,53.0,0.33058494536858185
RIGHT_HAND,0.457,0.48,0.436,55.0,0.33058494536858185
TONGUE,0.524,0.54,0.509,53.0,0.33058494536858185
avg/total,0.501,0.513,0.498,215.0,0.331
