,f1-score,precision,recall,support,kappa
FEET,0.931,0.918,0.944,71.0,0.8989297008027244
LEFT_HAND,0.934,0.97,0.901,71.0,0.8989297008027244
RIGHT_HAND,0.948,0.97,0.928,69.0,0.8989297008027244
TONGUE,0.884,0.847,0.924,66.0,0.8989297008027244
avg/total,0.924,0.926,0.924,277.0,0.899
