,f1-score,precision,recall,support,kappa
FEET,0.924,0.905,0.944,71.0,0.9085379629146899
LEFT_HAND,0.949,0.985,0.915,71.0,0.9085379629146899
RIGHT_HAND,0.978,0.985,0.971,69.0,0.9085379629146899
TONGUE,0.874,0.855,0.894,66.0,0.9085379629146899
avg/total,0.931,0.932,0.931,277.0,0.909
