,f1-score,precision,recall,support,kappa
FEET,0.774,0.873,0.696,69.0,0.7491924654302617
LEFT_HAND,0.886,0.838,0.939,66.0,0.7491924654302617
RIGHT_HAND,0.805,0.741,0.882,68.0,0.7491924654302617
TONGUE,0.775,0.82,0.735,68.0,0.7491924654302617
avg/total,0.81,0.818,0.813,271.0,0.749
