,f1-score,precision,recall,support,kappa
FEET,0.8,0.789,0.812,69.0,0.7687461418352155
LEFT_HAND,0.866,0.853,0.879,66.0,0.7687461418352155
RIGHT_HAND,0.836,0.782,0.897,68.0,0.7687461418352155
TONGUE,0.803,0.907,0.721,68.0,0.7687461418352155
avg/total,0.826,0.833,0.827,271.0,0.769
