,f1-score,precision,recall,support,kappa
FEET,0.615,0.656,0.58,69.0,0.5910655549606059
LEFT_HAND,0.763,0.849,0.692,65.0,0.5910655549606059
RIGHT_HAND,0.618,0.54,0.723,65.0,0.5910655549606059
TONGUE,0.797,0.81,0.785,65.0,0.5910655549606059
avg/total,0.698,0.714,0.695,264.0,0.591
