,f1-score,precision,recall,support,kappa
FEET,0.652,0.652,0.652,69.0,0.5958668197474167
LEFT_HAND,0.765,0.88,0.677,65.0,0.5958668197474167
RIGHT_HAND,0.565,0.534,0.6,65.0,0.5958668197474167
TONGUE,0.818,0.778,0.862,65.0,0.5958668197474167
avg/total,0.7,0.711,0.698,264.0,0.596
