,f1-score,precision,recall,support,kappa
FEET,0.855,0.816,0.899,69.0,0.8196771142934343
LEFT_HAND,0.885,0.812,0.972,71.0,0.8196771142934343
RIGHT_HAND,0.855,0.981,0.757,70.0,0.8196771142934343
TONGUE,0.861,0.894,0.831,71.0,0.8196771142934343
avg/total,0.864,0.876,0.865,281.0,0.82
