,f1-score,precision,recall,support,kappa
FEET,0.712,0.626,0.826,69.0,0.35509572680849644
LEFT_HAND,0.487,0.39,0.648,71.0,0.35509572680849644
RIGHT_HAND,0.186,0.533,0.113,71.0,0.35509572680849644
TONGUE,0.534,0.593,0.486,72.0,0.35509572680849644
avg/total,0.48,0.536,0.518,283.0,0.355
