,f1-score,precision,recall,support,kappa
FEET,0.791,0.775,0.809,68.0,0.7800712508279776
LEFT_HAND,0.86,0.963,0.776,67.0,0.7800712508279776
RIGHT_HAND,0.893,0.838,0.957,70.0,0.7800712508279776
TONGUE,0.794,0.794,0.794,68.0,0.7800712508279776
avg/total,0.834,0.842,0.834,273.0,0.78
