,f1-score,precision,recall,support,kappa
FEET,0.776,0.789,0.763,59.0,0.6201947719118401
LEFT_HAND,0.617,0.829,0.492,59.0,0.6201947719118401
RIGHT_HAND,0.705,0.598,0.86,57.0,0.6201947719118401
TONGUE,0.748,0.741,0.755,53.0,0.6201947719118401
avg/total,0.712,0.739,0.717,228.0,0.62
