,f1-score,precision,recall,support,kappa
FEET,0.15,0.75,0.083,72.0,0.4903846153846154
LEFT_HAND,0.678,0.567,0.843,70.0,0.4903846153846154
RIGHT_HAND,0.747,0.614,0.954,65.0,0.4903846153846154
TONGUE,0.652,0.683,0.623,69.0,0.4903846153846154
avg/total,0.557,0.654,0.626,276.0,0.49
