,f1-score,precision,recall,support,kappa
FEET,0.622,0.778,0.519,54.0,0.40535868625756266
LEFT_HAND,0.576,0.481,0.717,53.0,0.40535868625756266
RIGHT_HAND,0.474,0.548,0.418,55.0,0.40535868625756266
TONGUE,0.541,0.517,0.566,53.0,0.40535868625756266
avg/total,0.553,0.581,0.555,215.0,0.405
