,f1-score,precision,recall,support,kappa
FEET,0.9,0.913,0.887,71.0,0.8701539957290925
LEFT_HAND,0.899,1.0,0.817,71.0,0.8701539957290925
RIGHT_HAND,0.957,0.944,0.971,69.0,0.8701539957290925
TONGUE,0.855,0.785,0.939,66.0,0.8701539957290925
avg/total,0.903,0.911,0.904,277.0,0.87
