,f1-score,precision,recall,support,kappa
FEET,0.769,0.743,0.797,69.0,0.7294279957158676
LEFT_HAND,0.857,0.811,0.909,66.0,0.7294279957158676
RIGHT_HAND,0.794,0.767,0.824,68.0,0.7294279957158676
TONGUE,0.763,0.9,0.662,68.0,0.7294279957158676
avg/total,0.796,0.805,0.798,271.0,0.729
