,f1-score,precision,recall,support,kappa
FEET,0.679,0.6,0.783,69.0,0.640754369825207
LEFT_HAND,0.859,0.829,0.892,65.0,0.640754369825207
RIGHT_HAND,0.584,0.688,0.508,65.0,0.640754369825207
TONGUE,0.793,0.857,0.738,65.0,0.640754369825207
avg/total,0.729,0.744,0.73,264.0,0.641
