,f1-score,precision,recall,support,kappa
FEET,0.846,0.788,0.913,69.0,0.8434434671033749
LEFT_HAND,0.926,0.885,0.972,71.0,0.8434434671033749
RIGHT_HAND,0.916,0.984,0.857,70.0,0.8434434671033749
TONGUE,0.842,0.903,0.789,71.0,0.8434434671033749
avg/total,0.883,0.89,0.883,281.0,0.843
