,f1-score,precision,recall,support,kappa
FEET,0.742,0.656,0.855,69.0,0.36453152808502853
LEFT_HAND,0.448,0.379,0.549,71.0,0.36453152808502853
RIGHT_HAND,0.321,0.486,0.239,71.0,0.36453152808502853
TONGUE,0.52,0.6,0.458,72.0,0.36453152808502853
avg/total,0.508,0.53,0.525,283.0,0.365
