,f1-score,precision,recall,support,kappa
FEET,0.787,0.847,0.735,68.0,0.8045217764889103
LEFT_HAND,0.87,0.891,0.851,67.0,0.8045217764889103
RIGHT_HAND,0.915,0.843,1.0,70.0,0.8045217764889103
TONGUE,0.83,0.836,0.824,68.0,0.8045217764889103
avg/total,0.85,0.854,0.852,273.0,0.805
