,f1-score,precision,recall,support,kappa
FEET,0.667,0.865,0.542,59.0,0.5455614044053765
LEFT_HAND,0.593,0.844,0.458,59.0,0.5455614044053765
RIGHT_HAND,0.676,0.557,0.86,57.0,0.5455614044053765
TONGUE,0.677,0.592,0.792,53.0,0.5455614044053765
avg/total,0.653,0.714,0.663,228.0,0.546
