,f1-score,precision,recall,support,kappa
FEET,0.1,0.5,0.056,72.0,0.46156659873543393
LEFT_HAND,0.639,0.776,0.543,70.0,0.46156659873543393
RIGHT_HAND,0.784,0.682,0.923,65.0,0.46156659873543393
TONGUE,0.62,0.473,0.899,69.0,0.46156659873543393
avg/total,0.536,0.608,0.605,276.0,0.462
