,f1-score,precision,recall,support,kappa
FEET,0.639,0.721,0.574,54.0,0.4603133385267896
LEFT_HAND,0.52,0.553,0.491,53.0,0.4603133385267896
RIGHT_HAND,0.588,0.547,0.636,55.0,0.4603133385267896
TONGUE,0.632,0.59,0.679,53.0,0.4603133385267896
avg/total,0.595,0.603,0.595,215.0,0.46
