,f1-score,precision,recall,support,kappa
FEET,0.874,0.922,0.831,71.0,0.8557917570498915
LEFT_HAND,0.908,1.0,0.831,71.0,0.8557917570498915
RIGHT_HAND,0.957,0.957,0.957,69.0,0.8557917570498915
TONGUE,0.834,0.741,0.955,66.0,0.8557917570498915
avg/total,0.893,0.905,0.894,277.0,0.856
