,f1-score,precision,recall,support,kappa
FEET,0.768,0.768,0.768,69.0,0.7293641282637906
LEFT_HAND,0.84,0.846,0.833,66.0,0.7293641282637906
RIGHT_HAND,0.803,0.726,0.897,68.0,0.7293641282637906
TONGUE,0.777,0.887,0.691,68.0,0.7293641282637906
avg/total,0.797,0.807,0.797,271.0,0.729
