,f1-score,precision,recall,support,kappa
FEET,0.685,0.649,0.725,69.0,0.6562763268744735
LEFT_HAND,0.852,0.912,0.8,65.0,0.6562763268744735
RIGHT_HAND,0.614,0.629,0.6,65.0,0.6562763268744735
TONGUE,0.827,0.809,0.846,65.0,0.6562763268744735
avg/total,0.744,0.75,0.743,264.0,0.656
