,f1-score,precision,recall,support,kappa
FEET,0.812,0.812,0.812,69.0,0.8196588414119237
LEFT_HAND,0.913,0.872,0.958,71.0,0.8196588414119237
RIGHT_HAND,0.909,0.968,0.857,70.0,0.8196588414119237
TONGUE,0.825,0.819,0.831,71.0,0.8196588414119237
avg/total,0.865,0.868,0.864,281.0,0.82
