,f1-score,precision,recall,support,kappa
FEET,0.686,0.783,0.61,59.0,0.5503534473926852
LEFT_HAND,0.613,0.654,0.576,59.0,0.5503534473926852
RIGHT_HAND,0.645,0.597,0.702,57.0,0.5503534473926852
TONGUE,0.707,0.651,0.774,53.0,0.5503534473926852
avg/total,0.663,0.671,0.666,228.0,0.55
