,f1-score,precision,recall,support,kappa
FEET,0.812,0.881,0.754,69.0,0.7541637940418738
LEFT_HAND,0.824,0.744,0.924,66.0,0.7541637940418738
RIGHT_HAND,0.847,0.803,0.897,68.0,0.7541637940418738
TONGUE,0.77,0.87,0.691,68.0,0.7541637940418738
avg/total,0.813,0.824,0.816,271.0,0.754
